fname,len_s,len_t,item,value
genome.10.1.csv,87138304,200540160,answer,0
genome.10.1.csv,87138304,200540160,comp_total,301993
genome.10.1.csv,87138304,200540160,ms_build,142858
genome.10.1.csv,87138304,200540160,ms_cst,68
genome.10.1.csv,87138304,200540160,ms_merge,1293
genome.10.1.csv,87138304,200540160,ms_total,144219
genome.10.1.csv,87138304,200540160,runs_build,156847
genome.10.1.csv,87138304,200540160,runs_correct,131
genome.10.1.csv,87138304,200540160,runs_cst,59
genome.10.1.csv,87138304,200540160,runs_merge,734
genome.10.1.csv,87138304,200540160,runs_total,157773
protein.10.1.csv,4251648,26394624,answer,0
protein.10.1.csv,4251648,26394624,comp_total,38691
protein.10.1.csv,4251648,26394624,ms_build,15281
protein.10.1.csv,4251648,26394624,ms_cst,2
protein.10.1.csv,4251648,26394624,ms_merge,133
protein.10.1.csv,4251648,26394624,ms_total,15418
protein.10.1.csv,4251648,26394624,runs_build,23045
protein.10.1.csv,4251648,26394624,runs_correct,97
protein.10.1.csv,4251648,26394624,runs_cst,5
protein.10.1.csv,4251648,26394624,runs_merge,123
protein.10.1.csv,4251648,26394624,runs_total,23273
genome.10.2.csv,87138304,200540160,answer,0
genome.10.2.csv,87138304,200540160,comp_total,151597
genome.10.2.csv,87138304,200540160,ms_build,74224
genome.10.2.csv,87138304,200540160,ms_cst,38
genome.10.2.csv,87138304,200540160,ms_merge,1241
genome.10.2.csv,87138304,200540160,ms_total,75504
genome.10.2.csv,87138304,200540160,runs_build,75262
genome.10.2.csv,87138304,200540160,runs_correct,57
genome.10.2.csv,87138304,200540160,runs_cst,53
genome.10.2.csv,87138304,200540160,runs_merge,718
genome.10.2.csv,87138304,200540160,runs_total,76092
protein.10.2.csv,4251648,26394624,answer,0
protein.10.2.csv,4251648,26394624,comp_total,19057
protein.10.2.csv,4251648,26394624,ms_build,7777
protein.10.2.csv,4251648,26394624,ms_cst,2
protein.10.2.csv,4251648,26394624,ms_merge,138
protein.10.2.csv,4251648,26394624,ms_total,7918
protein.10.2.csv,4251648,26394624,runs_build,10954
protein.10.2.csv,4251648,26394624,runs_correct,55
protein.10.2.csv,4251648,26394624,runs_cst,3
protein.10.2.csv,4251648,26394624,runs_merge,124
protein.10.2.csv,4251648,26394624,runs_total,11138
genome.10.3.csv,87138304,200540160,answer,0
genome.10.3.csv,87138304,200540160,comp_total,96844
genome.10.3.csv,87138304,200540160,ms_build,46740
genome.10.3.csv,87138304,200540160,ms_cst,43
genome.10.3.csv,87138304,200540160,ms_merge,1278
genome.10.3.csv,87138304,200540160,ms_total,48062
genome.10.3.csv,87138304,200540160,runs_build,47943
genome.10.3.csv,87138304,200540160,runs_correct,54
genome.10.3.csv,87138304,200540160,runs_cst,51
genome.10.3.csv,87138304,200540160,runs_merge,731
genome.10.3.csv,87138304,200540160,runs_total,48781
protein.10.3.csv,4251648,26394624,answer,0
protein.10.3.csv,4251648,26394624,comp_total,14735
protein.10.3.csv,4251648,26394624,ms_build,6769
protein.10.3.csv,4251648,26394624,ms_cst,2
protein.10.3.csv,4251648,26394624,ms_merge,165
protein.10.3.csv,4251648,26394624,ms_total,6938
protein.10.3.csv,4251648,26394624,runs_build,7581
protein.10.3.csv,4251648,26394624,runs_correct,48
protein.10.3.csv,4251648,26394624,runs_cst,3
protein.10.3.csv,4251648,26394624,runs_merge,164
protein.10.3.csv,4251648,26394624,runs_total,7797
genome.10.4.csv,87138304,200540160,answer,0
genome.10.4.csv,87138304,200540160,comp_total,72171
genome.10.4.csv,87138304,200540160,ms_build,33755
genome.10.4.csv,87138304,200540160,ms_cst,39
genome.10.4.csv,87138304,200540160,ms_merge,1371
genome.10.4.csv,87138304,200540160,ms_total,35166
genome.10.4.csv,87138304,200540160,runs_build,36166
genome.10.4.csv,87138304,200540160,runs_correct,45
genome.10.4.csv,87138304,200540160,runs_cst,49
genome.10.4.csv,87138304,200540160,runs_merge,743
genome.10.4.csv,87138304,200540160,runs_total,37005
protein.10.4.csv,4251648,26394624,answer,0
protein.10.4.csv,4251648,26394624,comp_total,12847
protein.10.4.csv,4251648,26394624,ms_build,5630
protein.10.4.csv,4251648,26394624,ms_cst,3
protein.10.4.csv,4251648,26394624,ms_merge,185
protein.10.4.csv,4251648,26394624,ms_total,5819
protein.10.4.csv,4251648,26394624,runs_build,6801
protein.10.4.csv,4251648,26394624,runs_correct,46
protein.10.4.csv,4251648,26394624,runs_cst,3
protein.10.4.csv,4251648,26394624,runs_merge,176
protein.10.4.csv,4251648,26394624,runs_total,7028
genome.10.5.csv,87138304,200540160,answer,0
genome.10.5.csv,87138304,200540160,comp_total,64151
genome.10.5.csv,87138304,200540160,ms_build,31420
genome.10.5.csv,87138304,200540160,ms_cst,36
genome.10.5.csv,87138304,200540160,ms_merge,1451
genome.10.5.csv,87138304,200540160,ms_total,32909
genome.10.5.csv,87138304,200540160,runs_build,30354
genome.10.5.csv,87138304,200540160,runs_correct,37
genome.10.5.csv,87138304,200540160,runs_cst,46
genome.10.5.csv,87138304,200540160,runs_merge,803
genome.10.5.csv,87138304,200540160,runs_total,31242
protein.10.5.csv,4251648,26394624,answer,0
protein.10.5.csv,4251648,26394624,comp_total,12575
protein.10.5.csv,4251648,26394624,ms_build,5827
protein.10.5.csv,4251648,26394624,ms_cst,3
protein.10.5.csv,4251648,26394624,ms_merge,165
protein.10.5.csv,4251648,26394624,ms_total,5996
protein.10.5.csv,4251648,26394624,runs_build,6352
protein.10.5.csv,4251648,26394624,runs_correct,48
protein.10.5.csv,4251648,26394624,runs_cst,5
protein.10.5.csv,4251648,26394624,runs_merge,173
protein.10.5.csv,4251648,26394624,runs_total,6578
genome.10.6.csv,87138304,200540160,answer,0
genome.10.6.csv,87138304,200540160,comp_total,54790
genome.10.6.csv,87138304,200540160,ms_build,26083
genome.10.6.csv,87138304,200540160,ms_cst,37
genome.10.6.csv,87138304,200540160,ms_merge,1570
genome.10.6.csv,87138304,200540160,ms_total,27691
genome.10.6.csv,87138304,200540160,runs_build,26208
genome.10.6.csv,87138304,200540160,runs_correct,34
genome.10.6.csv,87138304,200540160,runs_cst,47
genome.10.6.csv,87138304,200540160,runs_merge,807
genome.10.6.csv,87138304,200540160,runs_total,27098
protein.10.6.csv,4251648,26394624,answer,0
protein.10.6.csv,4251648,26394624,comp_total,11637
protein.10.6.csv,4251648,26394624,ms_build,5328
protein.10.6.csv,4251648,26394624,ms_cst,3
protein.10.6.csv,4251648,26394624,ms_merge,187
protein.10.6.csv,4251648,26394624,ms_total,5519
protein.10.6.csv,4251648,26394624,runs_build,5896
protein.10.6.csv,4251648,26394624,runs_correct,39
protein.10.6.csv,4251648,26394624,runs_cst,3
protein.10.6.csv,4251648,26394624,runs_merge,179
protein.10.6.csv,4251648,26394624,runs_total,6118
genome.10.7.csv,87138304,200540160,answer,0
genome.10.7.csv,87138304,200540160,comp_total,50866
genome.10.7.csv,87138304,200540160,ms_build,24190
genome.10.7.csv,87138304,200540160,ms_cst,37
genome.10.7.csv,87138304,200540160,ms_merge,1445
genome.10.7.csv,87138304,200540160,ms_total,25673
genome.10.7.csv,87138304,200540160,runs_build,24208
genome.10.7.csv,87138304,200540160,runs_correct,39
genome.10.7.csv,87138304,200540160,runs_cst,48
genome.10.7.csv,87138304,200540160,runs_merge,895
genome.10.7.csv,87138304,200540160,runs_total,25192
protein.10.7.csv,4251648,26394624,answer,0
protein.10.7.csv,4251648,26394624,comp_total,10127
protein.10.7.csv,4251648,26394624,ms_build,4913
protein.10.7.csv,4251648,26394624,ms_cst,3
protein.10.7.csv,4251648,26394624,ms_merge,190
protein.10.7.csv,4251648,26394624,ms_total,5107
protein.10.7.csv,4251648,26394624,runs_build,4785
protein.10.7.csv,4251648,26394624,runs_correct,42
protein.10.7.csv,4251648,26394624,runs_cst,4
protein.10.7.csv,4251648,26394624,runs_merge,187
protein.10.7.csv,4251648,26394624,runs_total,5019
genome.10.8.csv,87138304,200540160,answer,0
genome.10.8.csv,87138304,200540160,comp_total,47613
genome.10.8.csv,87138304,200540160,ms_build,22045
genome.10.8.csv,87138304,200540160,ms_cst,36
genome.10.8.csv,87138304,200540160,ms_merge,1602
genome.10.8.csv,87138304,200540160,ms_total,23684
genome.10.8.csv,87138304,200540160,runs_build,22966
genome.10.8.csv,87138304,200540160,runs_correct,38
genome.10.8.csv,87138304,200540160,runs_cst,47
genome.10.8.csv,87138304,200540160,runs_merge,877
genome.10.8.csv,87138304,200540160,runs_total,23929
protein.10.8.csv,4251648,26394624,answer,0
protein.10.8.csv,4251648,26394624,comp_total,10641
protein.10.8.csv,4251648,26394624,ms_build,4669
protein.10.8.csv,4251648,26394624,ms_cst,2
protein.10.8.csv,4251648,26394624,ms_merge,213
protein.10.8.csv,4251648,26394624,ms_total,4885
protein.10.8.csv,4251648,26394624,runs_build,5526
protein.10.8.csv,4251648,26394624,runs_correct,41
protein.10.8.csv,4251648,26394624,runs_cst,3
protein.10.8.csv,4251648,26394624,runs_merge,184
protein.10.8.csv,4251648,26394624,runs_total,5755
genome.10.9.csv,87138304,200540160,answer,0
genome.10.9.csv,87138304,200540160,comp_total,48794
genome.10.9.csv,87138304,200540160,ms_build,23225
genome.10.9.csv,87138304,200540160,ms_cst,36
genome.10.9.csv,87138304,200540160,ms_merge,1562
genome.10.9.csv,87138304,200540160,ms_total,24824
genome.10.9.csv,87138304,200540160,runs_build,22951
genome.10.9.csv,87138304,200540160,runs_correct,41
genome.10.9.csv,87138304,200540160,runs_cst,47
genome.10.9.csv,87138304,200540160,runs_merge,928
genome.10.9.csv,87138304,200540160,runs_total,23969
protein.10.9.csv,4251648,26394624,answer,0
protein.10.9.csv,4251648,26394624,comp_total,10573
protein.10.9.csv,4251648,26394624,ms_build,4687
protein.10.9.csv,4251648,26394624,ms_cst,3
protein.10.9.csv,4251648,26394624,ms_merge,188
protein.10.9.csv,4251648,26394624,ms_total,4878
protein.10.9.csv,4251648,26394624,runs_build,5467
protein.10.9.csv,4251648,26394624,runs_correct,43
protein.10.9.csv,4251648,26394624,runs_cst,4
protein.10.9.csv,4251648,26394624,runs_merge,180
protein.10.9.csv,4251648,26394624,runs_total,5694
genome.10.10.csv,87138304,200540160,answer,0
genome.10.10.csv,87138304,200540160,comp_total,48722
genome.10.10.csv,87138304,200540160,ms_build,23407
genome.10.10.csv,87138304,200540160,ms_cst,36
genome.10.10.csv,87138304,200540160,ms_merge,1572
genome.10.10.csv,87138304,200540160,ms_total,25016
genome.10.10.csv,87138304,200540160,runs_build,22680
genome.10.10.csv,87138304,200540160,runs_correct,39
genome.10.10.csv,87138304,200540160,runs_cst,48
genome.10.10.csv,87138304,200540160,runs_merge,936
genome.10.10.csv,87138304,200540160,runs_total,23706
protein.10.10.csv,4251648,26394624,answer,0
protein.10.10.csv,4251648,26394624,comp_total,10612
protein.10.10.csv,4251648,26394624,ms_build,4793
protein.10.10.csv,4251648,26394624,ms_cst,3
protein.10.10.csv,4251648,26394624,ms_merge,192
protein.10.10.csv,4251648,26394624,ms_total,4989
protein.10.10.csv,4251648,26394624,runs_build,5389
protein.10.10.csv,4251648,26394624,runs_correct,44
protein.10.10.csv,4251648,26394624,runs_cst,3
protein.10.10.csv,4251648,26394624,runs_merge,185
protein.10.10.csv,4251648,26394624,runs_total,5623
genome.10.11.csv,87138304,200540160,answer,0
genome.10.11.csv,87138304,200540160,comp_total,47627
genome.10.11.csv,87138304,200540160,ms_build,22221
genome.10.11.csv,87138304,200540160,ms_cst,37
genome.10.11.csv,87138304,200540160,ms_merge,1702
genome.10.11.csv,87138304,200540160,ms_total,23960
genome.10.11.csv,87138304,200540160,runs_build,22631
genome.10.11.csv,87138304,200540160,runs_correct,40
genome.10.11.csv,87138304,200540160,runs_cst,48
genome.10.11.csv,87138304,200540160,runs_merge,945
genome.10.11.csv,87138304,200540160,runs_total,23666
protein.10.11.csv,4251648,26394624,answer,0
protein.10.11.csv,4251648,26394624,comp_total,10522
protein.10.11.csv,4251648,26394624,ms_build,4667
protein.10.11.csv,4251648,26394624,ms_cst,3
protein.10.11.csv,4251648,26394624,ms_merge,216
protein.10.11.csv,4251648,26394624,ms_total,4888
protein.10.11.csv,4251648,26394624,runs_build,5403
protein.10.11.csv,4251648,26394624,runs_correct,43
protein.10.11.csv,4251648,26394624,runs_cst,3
protein.10.11.csv,4251648,26394624,runs_merge,182
protein.10.11.csv,4251648,26394624,runs_total,5633
genome.10.12.csv,87138304,200540160,answer,0
genome.10.12.csv,87138304,200540160,comp_total,48161
genome.10.12.csv,87138304,200540160,ms_build,22334
genome.10.12.csv,87138304,200540160,ms_cst,36
genome.10.12.csv,87138304,200540160,ms_merge,1908
genome.10.12.csv,87138304,200540160,ms_total,24280
genome.10.12.csv,87138304,200540160,runs_build,22881
genome.10.12.csv,87138304,200540160,runs_correct,40
genome.10.12.csv,87138304,200540160,runs_cst,48
genome.10.12.csv,87138304,200540160,runs_merge,911
genome.10.12.csv,87138304,200540160,runs_total,23881
protein.10.12.csv,4251648,26394624,answer,0
protein.10.12.csv,4251648,26394624,comp_total,10593
protein.10.12.csv,4251648,26394624,ms_build,4683
protein.10.12.csv,4251648,26394624,ms_cst,3
protein.10.12.csv,4251648,26394624,ms_merge,223
protein.10.12.csv,4251648,26394624,ms_total,4910
protein.10.12.csv,4251648,26394624,runs_build,5451
protein.10.12.csv,4251648,26394624,runs_correct,43
protein.10.12.csv,4251648,26394624,runs_cst,3
protein.10.12.csv,4251648,26394624,runs_merge,184
protein.10.12.csv,4251648,26394624,runs_total,5682
genome.10.13.csv,87138304,200540160,answer,0
genome.10.13.csv,87138304,200540160,comp_total,48097
genome.10.13.csv,87138304,200540160,ms_build,22550
genome.10.13.csv,87138304,200540160,ms_cst,37
genome.10.13.csv,87138304,200540160,ms_merge,1640
genome.10.13.csv,87138304,200540160,ms_total,24228
genome.10.13.csv,87138304,200540160,runs_build,22848
genome.10.13.csv,87138304,200540160,runs_correct,39
genome.10.13.csv,87138304,200540160,runs_cst,48
genome.10.13.csv,87138304,200540160,runs_merge,931
genome.10.13.csv,87138304,200540160,runs_total,23868
protein.10.13.csv,4251648,26394624,answer,0
protein.10.13.csv,4251648,26394624,comp_total,10798
protein.10.13.csv,4251648,26394624,ms_build,4798
protein.10.13.csv,4251648,26394624,ms_cst,3
protein.10.13.csv,4251648,26394624,ms_merge,179
protein.10.13.csv,4251648,26394624,ms_total,4981
protein.10.13.csv,4251648,26394624,runs_build,5558
protein.10.13.csv,4251648,26394624,runs_correct,50
protein.10.13.csv,4251648,26394624,runs_cst,4
protein.10.13.csv,4251648,26394624,runs_merge,203
protein.10.13.csv,4251648,26394624,runs_total,5816
genome.10.14.csv,87138304,200540160,answer,0
genome.10.14.csv,87138304,200540160,comp_total,48095
genome.10.14.csv,87138304,200540160,ms_build,22469
genome.10.14.csv,87138304,200540160,ms_cst,37
genome.10.14.csv,87138304,200540160,ms_merge,1712
genome.10.14.csv,87138304,200540160,ms_total,24219
genome.10.14.csv,87138304,200540160,runs_build,22801
genome.10.14.csv,87138304,200540160,runs_correct,40
genome.10.14.csv,87138304,200540160,runs_cst,49
genome.10.14.csv,87138304,200540160,runs_merge,985
genome.10.14.csv,87138304,200540160,runs_total,23875
protein.10.14.csv,4251648,26394624,answer,0
protein.10.14.csv,4251648,26394624,comp_total,10544
protein.10.14.csv,4251648,26394624,ms_build,4668
protein.10.14.csv,4251648,26394624,ms_cst,3
protein.10.14.csv,4251648,26394624,ms_merge,202
protein.10.14.csv,4251648,26394624,ms_total,4874
protein.10.14.csv,4251648,26394624,runs_build,5430
protein.10.14.csv,4251648,26394624,runs_correct,46
protein.10.14.csv,4251648,26394624,runs_cst,5
protein.10.14.csv,4251648,26394624,runs_merge,187
protein.10.14.csv,4251648,26394624,runs_total,5670
genome.10.15.csv,87138304,200540160,answer,0
genome.10.15.csv,87138304,200540160,comp_total,47925
genome.10.15.csv,87138304,200540160,ms_build,22143
genome.10.15.csv,87138304,200540160,ms_cst,38
genome.10.15.csv,87138304,200540160,ms_merge,1813
genome.10.15.csv,87138304,200540160,ms_total,23995
genome.10.15.csv,87138304,200540160,runs_build,22827
genome.10.15.csv,87138304,200540160,runs_correct,39
genome.10.15.csv,87138304,200540160,runs_cst,48
genome.10.15.csv,87138304,200540160,runs_merge,1013
genome.10.15.csv,87138304,200540160,runs_total,23929
protein.10.15.csv,4251648,26394624,answer,0
protein.10.15.csv,4251648,26394624,comp_total,10541
protein.10.15.csv,4251648,26394624,ms_build,4636
protein.10.15.csv,4251648,26394624,ms_cst,3
protein.10.15.csv,4251648,26394624,ms_merge,212
protein.10.15.csv,4251648,26394624,ms_total,4852
protein.10.15.csv,4251648,26394624,runs_build,5445
protein.10.15.csv,4251648,26394624,runs_correct,47
protein.10.15.csv,4251648,26394624,runs_cst,4
protein.10.15.csv,4251648,26394624,runs_merge,191
protein.10.15.csv,4251648,26394624,runs_total,5689
genome.100.1.csv,87138304,200540160,answer,0
genome.100.1.csv,87138304,200540160,comp_total,295939
genome.100.1.csv,87138304,200540160,ms_build,143172
genome.100.1.csv,87138304,200540160,ms_cst,39
genome.100.1.csv,87138304,200540160,ms_merge,1253
genome.100.1.csv,87138304,200540160,ms_total,144465
genome.100.1.csv,87138304,200540160,runs_build,150557
genome.100.1.csv,87138304,200540160,runs_correct,129
genome.100.1.csv,87138304,200540160,runs_cst,48
genome.100.1.csv,87138304,200540160,runs_merge,739
genome.100.1.csv,87138304,200540160,runs_total,151474
protein.100.1.csv,4251648,26394624,answer,0
protein.100.1.csv,4251648,26394624,comp_total,39210
protein.100.1.csv,4251648,26394624,ms_build,15894
protein.100.1.csv,4251648,26394624,ms_cst,2
protein.100.1.csv,4251648,26394624,ms_merge,140
protein.100.1.csv,4251648,26394624,ms_total,16037
protein.100.1.csv,4251648,26394624,runs_build,22935
protein.100.1.csv,4251648,26394624,runs_correct,103
protein.100.1.csv,4251648,26394624,runs_cst,3
protein.100.1.csv,4251648,26394624,runs_merge,129
protein.100.1.csv,4251648,26394624,runs_total,23172
genome.100.2.csv,87138304,200540160,answer,0
genome.100.2.csv,87138304,200540160,comp_total,150857
genome.100.2.csv,87138304,200540160,ms_build,74118
genome.100.2.csv,87138304,200540160,ms_cst,38
genome.100.2.csv,87138304,200540160,ms_merge,1274
genome.100.2.csv,87138304,200540160,ms_total,75432
genome.100.2.csv,87138304,200540160,runs_build,74556
genome.100.2.csv,87138304,200540160,runs_correct,71
genome.100.2.csv,87138304,200540160,runs_cst,47
genome.100.2.csv,87138304,200540160,runs_merge,749
genome.100.2.csv,87138304,200540160,runs_total,75425
protein.100.2.csv,4251648,26394624,answer,0
protein.100.2.csv,4251648,26394624,comp_total,19559
protein.100.2.csv,4251648,26394624,ms_build,8345
protein.100.2.csv,4251648,26394624,ms_cst,2
protein.100.2.csv,4251648,26394624,ms_merge,152
protein.100.2.csv,4251648,26394624,ms_total,8501
protein.100.2.csv,4251648,26394624,runs_build,10869
protein.100.2.csv,4251648,26394624,runs_correct,55
protein.100.2.csv,4251648,26394624,runs_cst,3
protein.100.2.csv,4251648,26394624,runs_merge,129
protein.100.2.csv,4251648,26394624,runs_total,11057
genome.100.3.csv,87138304,200540160,answer,0
genome.100.3.csv,87138304,200540160,comp_total,97358
genome.100.3.csv,87138304,200540160,ms_build,47778
genome.100.3.csv,87138304,200540160,ms_cst,37
genome.100.3.csv,87138304,200540160,ms_merge,1286
genome.100.3.csv,87138304,200540160,ms_total,49102
genome.100.3.csv,87138304,200540160,runs_build,47402
genome.100.3.csv,87138304,200540160,runs_correct,53
genome.100.3.csv,87138304,200540160,runs_cst,48
genome.100.3.csv,87138304,200540160,runs_merge,750
genome.100.3.csv,87138304,200540160,runs_total,48255
protein.100.3.csv,4251648,26394624,answer,0
protein.100.3.csv,4251648,26394624,comp_total,15717
protein.100.3.csv,4251648,26394624,ms_build,6866
protein.100.3.csv,4251648,26394624,ms_cst,3
protein.100.3.csv,4251648,26394624,ms_merge,169
protein.100.3.csv,4251648,26394624,ms_total,7039
protein.100.3.csv,4251648,26394624,runs_build,8454
protein.100.3.csv,4251648,26394624,runs_correct,49
protein.100.3.csv,4251648,26394624,runs_cst,3
protein.100.3.csv,4251648,26394624,runs_merge,170
protein.100.3.csv,4251648,26394624,runs_total,8677
genome.100.4.csv,87138304,200540160,answer,0
genome.100.4.csv,87138304,200540160,comp_total,69946
genome.100.4.csv,87138304,200540160,ms_build,32294
genome.100.4.csv,87138304,200540160,ms_cst,36
genome.100.4.csv,87138304,200540160,ms_merge,1501
genome.100.4.csv,87138304,200540160,ms_total,33833
genome.100.4.csv,87138304,200540160,runs_build,35195
genome.100.4.csv,87138304,200540160,runs_correct,46
genome.100.4.csv,87138304,200540160,runs_cst,49
genome.100.4.csv,87138304,200540160,runs_merge,819
genome.100.4.csv,87138304,200540160,runs_total,36112
protein.100.4.csv,4251648,26394624,answer,0
protein.100.4.csv,4251648,26394624,comp_total,13000
protein.100.4.csv,4251648,26394624,ms_build,5684
protein.100.4.csv,4251648,26394624,ms_cst,3
protein.100.4.csv,4251648,26394624,ms_merge,186
protein.100.4.csv,4251648,26394624,ms_total,5874
protein.100.4.csv,4251648,26394624,runs_build,6893
protein.100.4.csv,4251648,26394624,runs_correct,47
protein.100.4.csv,4251648,26394624,runs_cst,3
protein.100.4.csv,4251648,26394624,runs_merge,181
protein.100.4.csv,4251648,26394624,runs_total,7125
genome.100.5.csv,87138304,200540160,answer,0
genome.100.5.csv,87138304,200540160,comp_total,64532
genome.100.5.csv,87138304,200540160,ms_build,31550
genome.100.5.csv,87138304,200540160,ms_cst,36
genome.100.5.csv,87138304,200540160,ms_merge,1608
genome.100.5.csv,87138304,200540160,ms_total,33195
genome.100.5.csv,87138304,200540160,runs_build,30366
genome.100.5.csv,87138304,200540160,runs_correct,37
genome.100.5.csv,87138304,200540160,runs_cst,51
genome.100.5.csv,87138304,200540160,runs_merge,881
genome.100.5.csv,87138304,200540160,runs_total,31336
protein.100.5.csv,4251648,26394624,answer,0
protein.100.5.csv,4251648,26394624,comp_total,13758
protein.100.5.csv,4251648,26394624,ms_build,6878
protein.100.5.csv,4251648,26394624,ms_cst,3
protein.100.5.csv,4251648,26394624,ms_merge,170
protein.100.5.csv,4251648,26394624,ms_total,7052
protein.100.5.csv,4251648,26394624,runs_build,6465
protein.100.5.csv,4251648,26394624,runs_correct,59
protein.100.5.csv,4251648,26394624,runs_cst,3
protein.100.5.csv,4251648,26394624,runs_merge,177
protein.100.5.csv,4251648,26394624,runs_total,6706
genome.100.6.csv,87138304,200540160,answer,0
genome.100.6.csv,87138304,200540160,comp_total,55555
genome.100.6.csv,87138304,200540160,ms_build,26617
genome.100.6.csv,87138304,200540160,ms_cst,37
genome.100.6.csv,87138304,200540160,ms_merge,1633
genome.100.6.csv,87138304,200540160,ms_total,28287
genome.100.6.csv,87138304,200540160,runs_build,26265
genome.100.6.csv,87138304,200540160,runs_correct,34
genome.100.6.csv,87138304,200540160,runs_cst,50
genome.100.6.csv,87138304,200540160,runs_merge,917
genome.100.6.csv,87138304,200540160,runs_total,27267
protein.100.6.csv,4251648,26394624,answer,0
protein.100.6.csv,4251648,26394624,comp_total,11583
protein.100.6.csv,4251648,26394624,ms_build,5204
protein.100.6.csv,4251648,26394624,ms_cst,3
protein.100.6.csv,4251648,26394624,ms_merge,192
protein.100.6.csv,4251648,26394624,ms_total,5400
protein.100.6.csv,4251648,26394624,runs_build,5966
protein.100.6.csv,4251648,26394624,runs_correct,37
protein.100.6.csv,4251648,26394624,runs_cst,3
protein.100.6.csv,4251648,26394624,runs_merge,174
protein.100.6.csv,4251648,26394624,runs_total,6182
genome.100.7.csv,87138304,200540160,answer,0
genome.100.7.csv,87138304,200540160,comp_total,51244
genome.100.7.csv,87138304,200540160,ms_build,24202
genome.100.7.csv,87138304,200540160,ms_cst,37
genome.100.7.csv,87138304,200540160,ms_merge,1688
genome.100.7.csv,87138304,200540160,ms_total,25928
genome.100.7.csv,87138304,200540160,runs_build,24266
genome.100.7.csv,87138304,200540160,runs_correct,37
genome.100.7.csv,87138304,200540160,runs_cst,49
genome.100.7.csv,87138304,200540160,runs_merge,961
genome.100.7.csv,87138304,200540160,runs_total,25316
protein.100.7.csv,4251648,26394624,answer,0
protein.100.7.csv,4251648,26394624,comp_total,10548
protein.100.7.csv,4251648,26394624,ms_build,4926
protein.100.7.csv,4251648,26394624,ms_cst,3
protein.100.7.csv,4251648,26394624,ms_merge,183
protein.100.7.csv,4251648,26394624,ms_total,5113
protein.100.7.csv,4251648,26394624,runs_build,5212
protein.100.7.csv,4251648,26394624,runs_correct,45
protein.100.7.csv,4251648,26394624,runs_cst,3
protein.100.7.csv,4251648,26394624,runs_merge,173
protein.100.7.csv,4251648,26394624,runs_total,5435
genome.100.8.csv,87138304,200540160,answer,0
genome.100.8.csv,87138304,200540160,comp_total,47650
genome.100.8.csv,87138304,200540160,ms_build,21957
genome.100.8.csv,87138304,200540160,ms_cst,38
genome.100.8.csv,87138304,200540160,ms_merge,1858
genome.100.8.csv,87138304,200540160,ms_total,23854
genome.100.8.csv,87138304,200540160,runs_build,22728
genome.100.8.csv,87138304,200540160,runs_correct,37
genome.100.8.csv,87138304,200540160,runs_cst,49
genome.100.8.csv,87138304,200540160,runs_merge,981
genome.100.8.csv,87138304,200540160,runs_total,23796
protein.100.8.csv,4251648,26394624,answer,0
protein.100.8.csv,4251648,26394624,comp_total,10027
protein.100.8.csv,4251648,26394624,ms_build,4602
protein.100.8.csv,4251648,26394624,ms_cst,3
protein.100.8.csv,4251648,26394624,ms_merge,214
protein.100.8.csv,4251648,26394624,ms_total,4820
protein.100.8.csv,4251648,26394624,runs_build,4977
protein.100.8.csv,4251648,26394624,runs_correct,44
protein.100.8.csv,4251648,26394624,runs_cst,3
protein.100.8.csv,4251648,26394624,runs_merge,180
protein.100.8.csv,4251648,26394624,runs_total,5206
genome.100.9.csv,87138304,200540160,answer,0
genome.100.9.csv,87138304,200540160,comp_total,48365
genome.100.9.csv,87138304,200540160,ms_build,22605
genome.100.9.csv,87138304,200540160,ms_cst,37
genome.100.9.csv,87138304,200540160,ms_merge,1715
genome.100.9.csv,87138304,200540160,ms_total,24359
genome.100.9.csv,87138304,200540160,runs_build,22981
genome.100.9.csv,87138304,200540160,runs_correct,38
genome.100.9.csv,87138304,200540160,runs_cst,50
genome.100.9.csv,87138304,200540160,runs_merge,935
genome.100.9.csv,87138304,200540160,runs_total,24006
protein.100.9.csv,4251648,26394624,answer,0
protein.100.9.csv,4251648,26394624,comp_total,10225
protein.100.9.csv,4251648,26394624,ms_build,4752
protein.100.9.csv,4251648,26394624,ms_cst,3
protein.100.9.csv,4251648,26394624,ms_merge,187
protein.100.9.csv,4251648,26394624,ms_total,4943
protein.100.9.csv,4251648,26394624,runs_build,5059
protein.100.9.csv,4251648,26394624,runs_correct,40
protein.100.9.csv,4251648,26394624,runs_cst,3
protein.100.9.csv,4251648,26394624,runs_merge,178
protein.100.9.csv,4251648,26394624,runs_total,5282
genome.100.10.csv,87138304,200540160,answer,0
genome.100.10.csv,87138304,200540160,comp_total,49085
genome.100.10.csv,87138304,200540160,ms_build,23233
genome.100.10.csv,87138304,200540160,ms_cst,38
genome.100.10.csv,87138304,200540160,ms_merge,1828
genome.100.10.csv,87138304,200540160,ms_total,25100
genome.100.10.csv,87138304,200540160,runs_build,22933
genome.100.10.csv,87138304,200540160,runs_correct,40
genome.100.10.csv,87138304,200540160,runs_cst,49
genome.100.10.csv,87138304,200540160,runs_merge,961
genome.100.10.csv,87138304,200540160,runs_total,23985
protein.100.10.csv,4251648,26394624,answer,0
protein.100.10.csv,4251648,26394624,comp_total,10084
protein.100.10.csv,4251648,26394624,ms_build,4700
protein.100.10.csv,4251648,26394624,ms_cst,3
protein.100.10.csv,4251648,26394624,ms_merge,190
protein.100.10.csv,4251648,26394624,ms_total,4894
protein.100.10.csv,4251648,26394624,runs_build,4967
protein.100.10.csv,4251648,26394624,runs_correct,40
protein.100.10.csv,4251648,26394624,runs_cst,3
protein.100.10.csv,4251648,26394624,runs_merge,177
protein.100.10.csv,4251648,26394624,runs_total,5189
genome.100.11.csv,87138304,200540160,answer,0
genome.100.11.csv,87138304,200540160,comp_total,48048
genome.100.11.csv,87138304,200540160,ms_build,22390
genome.100.11.csv,87138304,200540160,ms_cst,38
genome.100.11.csv,87138304,200540160,ms_merge,1965
genome.100.11.csv,87138304,200540160,ms_total,24394
genome.100.11.csv,87138304,200540160,runs_build,22588
genome.100.11.csv,87138304,200540160,runs_correct,41
genome.100.11.csv,87138304,200540160,runs_cst,50
genome.100.11.csv,87138304,200540160,runs_merge,972
genome.100.11.csv,87138304,200540160,runs_total,23653
protein.100.11.csv,4251648,26394624,answer,0
protein.100.11.csv,4251648,26394624,comp_total,10195
protein.100.11.csv,4251648,26394624,ms_build,4785
protein.100.11.csv,4251648,26394624,ms_cst,3
protein.100.11.csv,4251648,26394624,ms_merge,184
protein.100.11.csv,4251648,26394624,ms_total,4973
protein.100.11.csv,4251648,26394624,runs_build,4997
protein.100.11.csv,4251648,26394624,runs_correct,44
protein.100.11.csv,4251648,26394624,runs_cst,3
protein.100.11.csv,4251648,26394624,runs_merge,176
protein.100.11.csv,4251648,26394624,runs_total,5221
genome.100.12.csv,87138304,200540160,answer,0
genome.100.12.csv,87138304,200540160,comp_total,48651
genome.100.12.csv,87138304,200540160,ms_build,22562
genome.100.12.csv,87138304,200540160,ms_cst,40
genome.100.12.csv,87138304,200540160,ms_merge,2079
genome.100.12.csv,87138304,200540160,ms_total,24682
genome.100.12.csv,87138304,200540160,runs_build,22827
genome.100.12.csv,87138304,200540160,runs_correct,40
genome.100.12.csv,87138304,200540160,runs_cst,49
genome.100.12.csv,87138304,200540160,runs_merge,1051
genome.100.12.csv,87138304,200540160,runs_total,23969
protein.100.12.csv,4251648,26394624,answer,0
protein.100.12.csv,4251648,26394624,comp_total,10067
protein.100.12.csv,4251648,26394624,ms_build,4662
protein.100.12.csv,4251648,26394624,ms_cst,3
protein.100.12.csv,4251648,26394624,ms_merge,218
protein.100.12.csv,4251648,26394624,ms_total,4884
protein.100.12.csv,4251648,26394624,runs_build,4961
protein.100.12.csv,4251648,26394624,runs_correct,39
protein.100.12.csv,4251648,26394624,runs_cst,3
protein.100.12.csv,4251648,26394624,runs_merge,177
protein.100.12.csv,4251648,26394624,runs_total,5183
genome.100.13.csv,87138304,200540160,answer,0
genome.100.13.csv,87138304,200540160,comp_total,48561
genome.100.13.csv,87138304,200540160,ms_build,22893
genome.100.13.csv,87138304,200540160,ms_cst,40
genome.100.13.csv,87138304,200540160,ms_merge,1694
genome.100.13.csv,87138304,200540160,ms_total,24629
genome.100.13.csv,87138304,200540160,runs_build,22778
genome.100.13.csv,87138304,200540160,runs_correct,38
genome.100.13.csv,87138304,200540160,runs_cst,50
genome.100.13.csv,87138304,200540160,runs_merge,1065
genome.100.13.csv,87138304,200540160,runs_total,23932
protein.100.13.csv,4251648,26394624,answer,0
protein.100.13.csv,4251648,26394624,comp_total,10132
protein.100.13.csv,4251648,26394624,ms_build,4748
protein.100.13.csv,4251648,26394624,ms_cst,3
protein.100.13.csv,4251648,26394624,ms_merge,170
protein.100.13.csv,4251648,26394624,ms_total,4923
protein.100.13.csv,4251648,26394624,runs_build,4985
protein.100.13.csv,4251648,26394624,runs_correct,39
protein.100.13.csv,4251648,26394624,runs_cst,3
protein.100.13.csv,4251648,26394624,runs_merge,179
protein.100.13.csv,4251648,26394624,runs_total,5208
genome.100.14.csv,87138304,200540160,answer,0
genome.100.14.csv,87138304,200540160,comp_total,48906
genome.100.14.csv,87138304,200540160,ms_build,22904
genome.100.14.csv,87138304,200540160,ms_cst,40
genome.100.14.csv,87138304,200540160,ms_merge,1858
genome.100.14.csv,87138304,200540160,ms_total,24803
genome.100.14.csv,87138304,200540160,runs_build,22940
genome.100.14.csv,87138304,200540160,runs_correct,39
genome.100.14.csv,87138304,200540160,runs_cst,50
genome.100.14.csv,87138304,200540160,runs_merge,1071
genome.100.14.csv,87138304,200540160,runs_total,24102
protein.100.14.csv,4251648,26394624,answer,0
protein.100.14.csv,4251648,26394624,comp_total,10119
protein.100.14.csv,4251648,26394624,ms_build,4728
protein.100.14.csv,4251648,26394624,ms_cst,3
protein.100.14.csv,4251648,26394624,ms_merge,179
protein.100.14.csv,4251648,26394624,ms_total,4911
protein.100.14.csv,4251648,26394624,runs_build,4983
protein.100.14.csv,4251648,26394624,runs_correct,40
protein.100.14.csv,4251648,26394624,runs_cst,3
protein.100.14.csv,4251648,26394624,runs_merge,179
protein.100.14.csv,4251648,26394624,runs_total,5207
genome.100.15.csv,87138304,200540160,answer,0
genome.100.15.csv,87138304,200540160,comp_total,49085
genome.100.15.csv,87138304,200540160,ms_build,22776
genome.100.15.csv,87138304,200540160,ms_cst,39
genome.100.15.csv,87138304,200540160,ms_merge,1906
genome.100.15.csv,87138304,200540160,ms_total,24722
genome.100.15.csv,87138304,200540160,runs_build,23219
genome.100.15.csv,87138304,200540160,runs_correct,38
genome.100.15.csv,87138304,200540160,runs_cst,49
genome.100.15.csv,87138304,200540160,runs_merge,1055
genome.100.15.csv,87138304,200540160,runs_total,24362
protein.100.15.csv,4251648,26394624,answer,0
protein.100.15.csv,4251648,26394624,comp_total,10141
protein.100.15.csv,4251648,26394624,ms_build,4721
protein.100.15.csv,4251648,26394624,ms_cst,3
protein.100.15.csv,4251648,26394624,ms_merge,189
protein.100.15.csv,4251648,26394624,ms_total,4914
protein.100.15.csv,4251648,26394624,runs_build,5001
protein.100.15.csv,4251648,26394624,runs_correct,40
protein.100.15.csv,4251648,26394624,runs_cst,3
protein.100.15.csv,4251648,26394624,runs_merge,180
protein.100.15.csv,4251648,26394624,runs_total,5226
genome.1000.1.csv,87138304,200540160,answer,0
genome.1000.1.csv,87138304,200540160,comp_total,295579
genome.1000.1.csv,87138304,200540160,ms_build,142732
genome.1000.1.csv,87138304,200540160,ms_cst,38
genome.1000.1.csv,87138304,200540160,ms_merge,1246
genome.1000.1.csv,87138304,200540160,ms_total,144017
genome.1000.1.csv,87138304,200540160,runs_build,150644
genome.1000.1.csv,87138304,200540160,runs_correct,124
genome.1000.1.csv,87138304,200540160,runs_cst,53
genome.1000.1.csv,87138304,200540160,runs_merge,739
genome.1000.1.csv,87138304,200540160,runs_total,151561
protein.1000.1.csv,4251648,26394624,answer,0
protein.1000.1.csv,4251648,26394624,comp_total,37996
protein.1000.1.csv,4251648,26394624,ms_build,17015
protein.1000.1.csv,4251648,26394624,ms_cst,2
protein.1000.1.csv,4251648,26394624,ms_merge,146
protein.1000.1.csv,4251648,26394624,ms_total,17164
protein.1000.1.csv,4251648,26394624,runs_build,20604
protein.1000.1.csv,4251648,26394624,runs_correct,89
protein.1000.1.csv,4251648,26394624,runs_cst,3
protein.1000.1.csv,4251648,26394624,runs_merge,134
protein.1000.1.csv,4251648,26394624,runs_total,20831
genome.1000.2.csv,87138304,200540160,answer,0
genome.1000.2.csv,87138304,200540160,comp_total,151057
genome.1000.2.csv,87138304,200540160,ms_build,74342
genome.1000.2.csv,87138304,200540160,ms_cst,38
genome.1000.2.csv,87138304,200540160,ms_merge,1326
genome.1000.2.csv,87138304,200540160,ms_total,75707
genome.1000.2.csv,87138304,200540160,runs_build,74461
genome.1000.2.csv,87138304,200540160,runs_correct,75
genome.1000.2.csv,87138304,200540160,runs_cst,49
genome.1000.2.csv,87138304,200540160,runs_merge,763
genome.1000.2.csv,87138304,200540160,runs_total,75350
protein.1000.2.csv,4251648,26394624,answer,0
protein.1000.2.csv,4251648,26394624,comp_total,19078
protein.1000.2.csv,4251648,26394624,ms_build,8945
protein.1000.2.csv,4251648,26394624,ms_cst,2
protein.1000.2.csv,4251648,26394624,ms_merge,150
protein.1000.2.csv,4251648,26394624,ms_total,9098
protein.1000.2.csv,4251648,26394624,runs_build,9782
protein.1000.2.csv,4251648,26394624,runs_correct,57
protein.1000.2.csv,4251648,26394624,runs_cst,3
protein.1000.2.csv,4251648,26394624,runs_merge,136
protein.1000.2.csv,4251648,26394624,runs_total,9979
genome.1000.3.csv,87138304,200540160,answer,0
genome.1000.3.csv,87138304,200540160,comp_total,97197
genome.1000.3.csv,87138304,200540160,ms_build,46838
genome.1000.3.csv,87138304,200540160,ms_cst,37
genome.1000.3.csv,87138304,200540160,ms_merge,1395
genome.1000.3.csv,87138304,200540160,ms_total,48271
genome.1000.3.csv,87138304,200540160,runs_build,48006
genome.1000.3.csv,87138304,200540160,runs_correct,55
genome.1000.3.csv,87138304,200540160,runs_cst,50
genome.1000.3.csv,87138304,200540160,runs_merge,813
genome.1000.3.csv,87138304,200540160,runs_total,48925
protein.1000.3.csv,4251648,26394624,answer,0
protein.1000.3.csv,4251648,26394624,comp_total,14234
protein.1000.3.csv,4251648,26394624,ms_build,6813
protein.1000.3.csv,4251648,26394624,ms_cst,2
protein.1000.3.csv,4251648,26394624,ms_merge,164
protein.1000.3.csv,4251648,26394624,ms_total,6981
protein.1000.3.csv,4251648,26394624,runs_build,7053
protein.1000.3.csv,4251648,26394624,runs_correct,42
protein.1000.3.csv,4251648,26394624,runs_cst,3
protein.1000.3.csv,4251648,26394624,runs_merge,152
protein.1000.3.csv,4251648,26394624,runs_total,7252
genome.1000.4.csv,87138304,200540160,answer,0
genome.1000.4.csv,87138304,200540160,comp_total,71453
genome.1000.4.csv,87138304,200540160,ms_build,32259
genome.1000.4.csv,87138304,200540160,ms_cst,39
genome.1000.4.csv,87138304,200540160,ms_merge,1578
genome.1000.4.csv,87138304,200540160,ms_total,33877
genome.1000.4.csv,87138304,200540160,runs_build,36620
genome.1000.4.csv,87138304,200540160,runs_correct,45
genome.1000.4.csv,87138304,200540160,runs_cst,53
genome.1000.4.csv,87138304,200540160,runs_merge,856
genome.1000.4.csv,87138304,200540160,runs_total,37576
protein.1000.4.csv,4251648,26394624,answer,0
protein.1000.4.csv,4251648,26394624,comp_total,12444
protein.1000.4.csv,4251648,26394624,ms_build,5648
protein.1000.4.csv,4251648,26394624,ms_cst,2
protein.1000.4.csv,4251648,26394624,ms_merge,178
protein.1000.4.csv,4251648,26394624,ms_total,5829
protein.1000.4.csv,4251648,26394624,runs_build,6331
protein.1000.4.csv,4251648,26394624,runs_correct,99
protein.1000.4.csv,4251648,26394624,runs_cst,3
protein.1000.4.csv,4251648,26394624,runs_merge,179
protein.1000.4.csv,4251648,26394624,runs_total,6614
genome.1000.5.csv,87138304,200540160,answer,0
genome.1000.5.csv,87138304,200540160,comp_total,66647
genome.1000.5.csv,87138304,200540160,ms_build,31773
genome.1000.5.csv,87138304,200540160,ms_cst,38
genome.1000.5.csv,87138304,200540160,ms_merge,1659
genome.1000.5.csv,87138304,200540160,ms_total,33470
genome.1000.5.csv,87138304,200540160,runs_build,32161
genome.1000.5.csv,87138304,200540160,runs_correct,40
genome.1000.5.csv,87138304,200540160,runs_cst,51
genome.1000.5.csv,87138304,200540160,runs_merge,922
genome.1000.5.csv,87138304,200540160,runs_total,33176
protein.1000.5.csv,4251648,26394624,answer,0
protein.1000.5.csv,4251648,26394624,comp_total,12145
protein.1000.5.csv,4251648,26394624,ms_build,5872
protein.1000.5.csv,4251648,26394624,ms_cst,3
protein.1000.5.csv,4251648,26394624,ms_merge,174
protein.1000.5.csv,4251648,26394624,ms_total,6049
protein.1000.5.csv,4251648,26394624,runs_build,5881
protein.1000.5.csv,4251648,26394624,runs_correct,39
protein.1000.5.csv,4251648,26394624,runs_cst,3
protein.1000.5.csv,4251648,26394624,runs_merge,170
protein.1000.5.csv,4251648,26394624,runs_total,6095
genome.1000.6.csv,87138304,200540160,answer,0
genome.1000.6.csv,87138304,200540160,comp_total,57748
genome.1000.6.csv,87138304,200540160,ms_build,26599
genome.1000.6.csv,87138304,200540160,ms_cst,42
genome.1000.6.csv,87138304,200540160,ms_merge,1750
genome.1000.6.csv,87138304,200540160,ms_total,28391
genome.1000.6.csv,87138304,200540160,runs_build,28299
genome.1000.6.csv,87138304,200540160,runs_correct,36
genome.1000.6.csv,87138304,200540160,runs_cst,53
genome.1000.6.csv,87138304,200540160,runs_merge,965
genome.1000.6.csv,87138304,200540160,runs_total,29356
protein.1000.6.csv,4251648,26394624,answer,0
protein.1000.6.csv,4251648,26394624,comp_total,11119
protein.1000.6.csv,4251648,26394624,ms_build,5210
protein.1000.6.csv,4251648,26394624,ms_cst,3
protein.1000.6.csv,4251648,26394624,ms_merge,194
protein.1000.6.csv,4251648,26394624,ms_total,5407
protein.1000.6.csv,4251648,26394624,runs_build,5497
protein.1000.6.csv,4251648,26394624,runs_correct,36
protein.1000.6.csv,4251648,26394624,runs_cst,3
protein.1000.6.csv,4251648,26394624,runs_merge,173
protein.1000.6.csv,4251648,26394624,runs_total,5711
genome.1000.7.csv,87138304,200540160,answer,0
genome.1000.7.csv,87138304,200540160,comp_total,53988
genome.1000.7.csv,87138304,200540160,ms_build,25302
genome.1000.7.csv,87138304,200540160,ms_cst,39
genome.1000.7.csv,87138304,200540160,ms_merge,1665
genome.1000.7.csv,87138304,200540160,ms_total,27008
genome.1000.7.csv,87138304,200540160,runs_build,25934
genome.1000.7.csv,87138304,200540160,runs_correct,41
genome.1000.7.csv,87138304,200540160,runs_cst,55
genome.1000.7.csv,87138304,200540160,runs_merge,949
genome.1000.7.csv,87138304,200540160,runs_total,26980
protein.1000.7.csv,4251648,26394624,answer,0
protein.1000.7.csv,4251648,26394624,comp_total,10569
protein.1000.7.csv,4251648,26394624,ms_build,4936
protein.1000.7.csv,4251648,26394624,ms_cst,3
protein.1000.7.csv,4251648,26394624,ms_merge,191
protein.1000.7.csv,4251648,26394624,ms_total,5131
protein.1000.7.csv,4251648,26394624,runs_build,5221
protein.1000.7.csv,4251648,26394624,runs_correct,38
protein.1000.7.csv,4251648,26394624,runs_cst,3
protein.1000.7.csv,4251648,26394624,runs_merge,174
protein.1000.7.csv,4251648,26394624,runs_total,5438
genome.1000.8.csv,87138304,200540160,answer,0
genome.1000.8.csv,87138304,200540160,comp_total,48358
genome.1000.8.csv,87138304,200540160,ms_build,22300
genome.1000.8.csv,87138304,200540160,ms_cst,39
genome.1000.8.csv,87138304,200540160,ms_merge,1941
genome.1000.8.csv,87138304,200540160,ms_total,24282
genome.1000.8.csv,87138304,200540160,runs_build,22945
genome.1000.8.csv,87138304,200540160,runs_correct,41
genome.1000.8.csv,87138304,200540160,runs_cst,50
genome.1000.8.csv,87138304,200540160,runs_merge,1039
genome.1000.8.csv,87138304,200540160,runs_total,24076
protein.1000.8.csv,4251648,26394624,answer,0
protein.1000.8.csv,4251648,26394624,comp_total,10096
protein.1000.8.csv,4251648,26394624,ms_build,4653
protein.1000.8.csv,4251648,26394624,ms_cst,3
protein.1000.8.csv,4251648,26394624,ms_merge,208
protein.1000.8.csv,4251648,26394624,ms_total,4864
protein.1000.8.csv,4251648,26394624,runs_build,5009
protein.1000.8.csv,4251648,26394624,runs_correct,40
protein.1000.8.csv,4251648,26394624,runs_cst,3
protein.1000.8.csv,4251648,26394624,runs_merge,178
protein.1000.8.csv,4251648,26394624,runs_total,5231
genome.1000.9.csv,87138304,200540160,answer,0
genome.1000.9.csv,87138304,200540160,comp_total,49257
genome.1000.9.csv,87138304,200540160,ms_build,23271
genome.1000.9.csv,87138304,200540160,ms_cst,40
genome.1000.9.csv,87138304,200540160,ms_merge,1666
genome.1000.9.csv,87138304,200540160,ms_total,24977
genome.1000.9.csv,87138304,200540160,runs_build,23143
genome.1000.9.csv,87138304,200540160,runs_correct,43
genome.1000.9.csv,87138304,200540160,runs_cst,51
genome.1000.9.csv,87138304,200540160,runs_merge,1041
genome.1000.9.csv,87138304,200540160,runs_total,24279
protein.1000.9.csv,4251648,26394624,answer,0
protein.1000.9.csv,4251648,26394624,comp_total,10174
protein.1000.9.csv,4251648,26394624,ms_build,4742
protein.1000.9.csv,4251648,26394624,ms_cst,3
protein.1000.9.csv,4251648,26394624,ms_merge,172
protein.1000.9.csv,4251648,26394624,ms_total,4917
protein.1000.9.csv,4251648,26394624,runs_build,4988
protein.1000.9.csv,4251648,26394624,runs_correct,91
protein.1000.9.csv,4251648,26394624,runs_cst,3
protein.1000.9.csv,4251648,26394624,runs_merge,172
protein.1000.9.csv,4251648,26394624,runs_total,5257
genome.1000.10.csv,87138304,200540160,answer,0
genome.1000.10.csv,87138304,200540160,comp_total,48931
genome.1000.10.csv,87138304,200540160,ms_build,22823
genome.1000.10.csv,87138304,200540160,ms_cst,41
genome.1000.10.csv,87138304,200540160,ms_merge,1912
genome.1000.10.csv,87138304,200540160,ms_total,24777
genome.1000.10.csv,87138304,200540160,runs_build,22997
genome.1000.10.csv,87138304,200540160,runs_correct,36
genome.1000.10.csv,87138304,200540160,runs_cst,49
genome.1000.10.csv,87138304,200540160,runs_merge,1069
genome.1000.10.csv,87138304,200540160,runs_total,24153
protein.1000.10.csv,4251648,26394624,answer,0
protein.1000.10.csv,4251648,26394624,comp_total,10100
protein.1000.10.csv,4251648,26394624,ms_build,4683
protein.1000.10.csv,4251648,26394624,ms_cst,3
protein.1000.10.csv,4251648,26394624,ms_merge,197
protein.1000.10.csv,4251648,26394624,ms_total,4884
protein.1000.10.csv,4251648,26394624,runs_build,4988
protein.1000.10.csv,4251648,26394624,runs_correct,40
protein.1000.10.csv,4251648,26394624,runs_cst,3
protein.1000.10.csv,4251648,26394624,runs_merge,182
protein.1000.10.csv,4251648,26394624,runs_total,5215
genome.1000.11.csv,87138304,200540160,answer,0
genome.1000.11.csv,87138304,200540160,comp_total,49421
genome.1000.11.csv,87138304,200540160,ms_build,23162
genome.1000.11.csv,87138304,200540160,ms_cst,38
genome.1000.11.csv,87138304,200540160,ms_merge,1992
genome.1000.11.csv,87138304,200540160,ms_total,25194
genome.1000.11.csv,87138304,200540160,runs_build,23105
genome.1000.11.csv,87138304,200540160,runs_correct,36
genome.1000.11.csv,87138304,200540160,runs_cst,50
genome.1000.11.csv,87138304,200540160,runs_merge,1035
genome.1000.11.csv,87138304,200540160,runs_total,24227
protein.1000.11.csv,4251648,26394624,answer,0
protein.1000.11.csv,4251648,26394624,comp_total,10254
protein.1000.11.csv,4251648,26394624,ms_build,4843
protein.1000.11.csv,4251648,26394624,ms_cst,3
protein.1000.11.csv,4251648,26394624,ms_merge,189
protein.1000.11.csv,4251648,26394624,ms_total,5036
protein.1000.11.csv,4251648,26394624,runs_build,4987
protein.1000.11.csv,4251648,26394624,runs_correct,46
protein.1000.11.csv,4251648,26394624,runs_cst,3
protein.1000.11.csv,4251648,26394624,runs_merge,180
protein.1000.11.csv,4251648,26394624,runs_total,5218
genome.1000.12.csv,87138304,200540160,answer,0
genome.1000.12.csv,87138304,200540160,comp_total,49770
genome.1000.12.csv,87138304,200540160,ms_build,23348
genome.1000.12.csv,87138304,200540160,ms_cst,42
genome.1000.12.csv,87138304,200540160,ms_merge,2082
genome.1000.12.csv,87138304,200540160,ms_total,25473
genome.1000.12.csv,87138304,200540160,runs_build,23132
genome.1000.12.csv,87138304,200540160,runs_correct,36
genome.1000.12.csv,87138304,200540160,runs_cst,49
genome.1000.12.csv,87138304,200540160,runs_merge,1077
genome.1000.12.csv,87138304,200540160,runs_total,24296
protein.1000.12.csv,4251648,26394624,answer,0
protein.1000.12.csv,4251648,26394624,comp_total,10106
protein.1000.12.csv,4251648,26394624,ms_build,4690
protein.1000.12.csv,4251648,26394624,ms_cst,3
protein.1000.12.csv,4251648,26394624,ms_merge,213
protein.1000.12.csv,4251648,26394624,ms_total,4906
protein.1000.12.csv,4251648,26394624,runs_build,4976
protein.1000.12.csv,4251648,26394624,runs_correct,40
protein.1000.12.csv,4251648,26394624,runs_cst,3
protein.1000.12.csv,4251648,26394624,runs_merge,178
protein.1000.12.csv,4251648,26394624,runs_total,5199
genome.1000.13.csv,87138304,200540160,answer,0
genome.1000.13.csv,87138304,200540160,comp_total,49483
genome.1000.13.csv,87138304,200540160,ms_build,23395
genome.1000.13.csv,87138304,200540160,ms_cst,41
genome.1000.13.csv,87138304,200540160,ms_merge,1662
genome.1000.13.csv,87138304,200540160,ms_total,25100
genome.1000.13.csv,87138304,200540160,runs_build,23203
genome.1000.13.csv,87138304,200540160,runs_correct,37
genome.1000.13.csv,87138304,200540160,runs_cst,49
genome.1000.13.csv,87138304,200540160,runs_merge,1092
genome.1000.13.csv,87138304,200540160,runs_total,24383
protein.1000.13.csv,4251648,26394624,answer,0
protein.1000.13.csv,4251648,26394624,comp_total,10064
protein.1000.13.csv,4251648,26394624,ms_build,4661
protein.1000.13.csv,4251648,26394624,ms_cst,3
protein.1000.13.csv,4251648,26394624,ms_merge,183
protein.1000.13.csv,4251648,26394624,ms_total,4848
protein.1000.13.csv,4251648,26394624,runs_build,4987
protein.1000.13.csv,4251648,26394624,runs_correct,40
protein.1000.13.csv,4251648,26394624,runs_cst,4
protein.1000.13.csv,4251648,26394624,runs_merge,182
protein.1000.13.csv,4251648,26394624,runs_total,5215
genome.1000.14.csv,87138304,200540160,answer,0
genome.1000.14.csv,87138304,200540160,comp_total,49506
genome.1000.14.csv,87138304,200540160,ms_build,23039
genome.1000.14.csv,87138304,200540160,ms_cst,42
genome.1000.14.csv,87138304,200540160,ms_merge,1856
genome.1000.14.csv,87138304,200540160,ms_total,24938
genome.1000.14.csv,87138304,200540160,runs_build,23387
genome.1000.14.csv,87138304,200540160,runs_correct,36
genome.1000.14.csv,87138304,200540160,runs_cst,51
genome.1000.14.csv,87138304,200540160,runs_merge,1091
genome.1000.14.csv,87138304,200540160,runs_total,24567
protein.1000.14.csv,4251648,26394624,answer,0
protein.1000.14.csv,4251648,26394624,comp_total,10099
protein.1000.14.csv,4251648,26394624,ms_build,4677
protein.1000.14.csv,4251648,26394624,ms_cst,3
protein.1000.14.csv,4251648,26394624,ms_merge,194
protein.1000.14.csv,4251648,26394624,ms_total,4875
protein.1000.14.csv,4251648,26394624,runs_build,4999
protein.1000.14.csv,4251648,26394624,runs_correct,41
protein.1000.14.csv,4251648,26394624,runs_cst,4
protein.1000.14.csv,4251648,26394624,runs_merge,180
protein.1000.14.csv,4251648,26394624,runs_total,5224
genome.1000.15.csv,87138304,200540160,answer,0
genome.1000.15.csv,87138304,200540160,comp_total,49746
genome.1000.15.csv,87138304,200540160,ms_build,23210
genome.1000.15.csv,87138304,200540160,ms_cst,42
genome.1000.15.csv,87138304,200540160,ms_merge,1932
genome.1000.15.csv,87138304,200540160,ms_total,25186
genome.1000.15.csv,87138304,200540160,runs_build,23352
genome.1000.15.csv,87138304,200540160,runs_correct,46
genome.1000.15.csv,87138304,200540160,runs_cst,50
genome.1000.15.csv,87138304,200540160,runs_merge,1110
genome.1000.15.csv,87138304,200540160,runs_total,24560
protein.1000.15.csv,4251648,26394624,answer,0
protein.1000.15.csv,4251648,26394624,comp_total,10127
protein.1000.15.csv,4251648,26394624,ms_build,4696
protein.1000.15.csv,4251648,26394624,ms_cst,3
protein.1000.15.csv,4251648,26394624,ms_merge,196
protein.1000.15.csv,4251648,26394624,ms_total,4896
protein.1000.15.csv,4251648,26394624,runs_build,5001
protein.1000.15.csv,4251648,26394624,runs_correct,40
protein.1000.15.csv,4251648,26394624,runs_cst,3
protein.1000.15.csv,4251648,26394624,runs_merge,184
protein.1000.15.csv,4251648,26394624,runs_total,5230
